Depth,roughness,to_m0,to_0_grad
20.999991648153983,0,1000,0
39.99999778747098,0,1000,0
60.00000763688657,0,1000,0
